{
  "builtInLibrariesFolders": "C:\\Program Files (x86)\\Arduino\\libraries",
  "customBuildProperties": "build.warn_data_percentage=75,runtime.tools.arduinoOTA.path=C:\\Program Files (x86)\\Arduino\\hardware\\tools\\avr,runtime.tools.avr-gcc.path=C:\\Program Files (x86)\\Arduino\\hardware\\tools\\avr,runtime.tools.avrdude.path=C:\\Program Files (x86)\\Arduino\\hardware\\tools\\avr",
  "fqbn": "arduino:avr:uno",
  "hardwareFolders": "C:\\Program Files (x86)\\Arduino\\hardware",
  "otherLibrariesFolders": "C:\\Users\\Personal1\\Documents\\Arduino\\libraries",
  "runtime.ide.version": "10804",
  "sketchLocation": "C:\\Users\\Personal1\\Desktop\\Documentos\\2019\\Leanguaje de Programacion 2\\Final\\sketch_jul26b\\sketch_jul26b.ino",
  "toolsFolders": "C:\\Program Files (x86)\\Arduino\\tools-builder,C:\\Program Files (x86)\\Arduino\\hardware\\tools\\avr"
}